<?xml version="1.0" encoding="UTF-8"?>
<!DOCTYPE log4j:configuration SYSTEM "log4j.dtd">
 
<log4j:configuration xmlns:log4j="http://jakarta.apache.org/log4j/" debug="false">
 
<appender name="consoleAppender" class="org.apache.log4j.ConsoleAppender">
      <layout class="org.apache.log4j.PatternLayout">
         <param name="ConversionPattern" value="%d{dd MMM yyy HH:mm:ss}\t%-6p\t%m%n" />
      </layout>
</appender>
 
   <appender name="focusFileAppender" class="org.apache.log4j.RollingFileAppender">
      <param name="File" value="C:\\Spectramd\\Focus\\logs\\focus_inteface.log"/>
      <param name="MaxFileSize" value="10000KB"/>
      <param name="MaxBackupIndex" value="100"/>
      <layout class="org.apache.log4j.PatternLayout">
         <param name="ConversionPattern" value="%d{dd MMM yyy HH:mm:ss}\t%-6p\t%m%n" />
      </layout>
   </appender>
    
    <appender name="cshcs_Appender" class="org.apache.log4j.DailyRollingFileAppender">
        <param name="Threshold" value="DEBUG" />
        <param name="File" value="C:\\SpectraMD\\Focus\\logs\\cshcs\\focus_interface_centrastate.log"/>
        <param name="DatePattern" value="'.'yyyy-MM-dd" />
        <layout class="org.apache.log4j.PatternLayout">
            <param name="ConversionPattern" value="%d{dd MMM yyy HH:mm:ss}\t%-6p\t%m%n" />
        </layout>
    </appender>
    
   <logger name="focuslogger" additivity="false" >   
      <level value="DEBUG" />
      <appender-ref ref="consoleAppender"/> 
      <appender-ref ref="focusFileAppender"/>      
   </logger>
    
    <logger name="cshcs_interface" additivity="false" >   
        <level value="ALL" />
        <appender-ref ref="consoleAppender"/>      
        <appender-ref ref="cshcs_Appender"/>      
    </logger>
    
</log4j:configuration> 
