<?xml version="1.0" encoding="UTF-8"?>

<beans xmlns="http://www.springframework.org/schema/beans"
	   xmlns:xsi="http://www.w3.org/2001/XMLSchema-instance"
	   xmlns:context="http://www.springframework.org/schema/context"
	   xmlns:mvc="http://www.springframework.org/schema/mvc"
	   xsi:schemaLocation="http://www.springframework.org/schema/beans
                           http://www.springframework.org/schema/beans/spring-beans-2.5.xsd
                           http://www.springframework.org/schema/context
                           http://www.springframework.org/schema/context/spring-context-2.5.xsd
                           http://www.springframework.org/schema/mvc
                           http://www.springframework.org/schema/mvc/spring-mvc-3.0.xsd
                           http://camel.apache.org/schema/spring
                           http://camel.apache.org/schema/spring/camel-spring-2.14.0.xsd">

	<import resource="mail.xml" />

	<bean id="commonApplicationContextAware" class="com.spectramd.products.focus.common.utils.CommonApplicationContextAwareUtil"/>
	<bean id="initializationBean" class="focusinterfacenew.FocusInitializationBean" />
	<bean id="fileMove" class="focusinterfacenew.SmdMove" />
	<bean id="cmdExecutor" class="focusinterfacenew.SmdCmdExecutor" />

	<camelContext xmlns="http://camel.apache.org/schema/spring">

		<route>
			<from uri="quartz2://Check/Automation?cron=0+24+17+?+*+*"/>
			<setBody>
				<constant>select count(ConceptKey) from FocusLandingBackup.ICD10DxCodesets</constant>
			</setBody>
			<to uri="jdbc:testdb"/>
			<choice>
				<when>
					<camel:simple>${header.CamelSqlRowCount} == 0</camel:simple>
					<to ref="test_mail" method="send('testing_purpose')"/>
				</when>
				<otherwise>
					<bean ref="cmdExecutor" method="execute('Check.bat',
			                               './input/CamelCMDFile/',
                                           './input/check/testing')"/>
				</otherwise>
			</choice>
		</route>

	</camelContext>

	<!-- add a demo to show how to bind a date source for camel in Spring-->
	<jdbc:embedded-database id="testdb" type="DERBY">
		<jdbc:script location="classpath:sql/init.sql"/>
	</jdbc:embedded-database>

	<bean id="test_mail" class="com.spectramd.products.focus.integration.utils.SendEMail">
		<property name="toAddress" value="deepak.singhal@spectramedix.com"/>
	</bean>

	<bean id="sipps_fileDetails" class="org.springframework.mail.SimpleMailMessage">
		<property name="from" value="support@spectramedix.com" />
		<property name="to" value="" />
		<property name="subject" value="Hello Testing" />
		<property name="text">
			<value>
		<![CDATA[
hello World
		]]>
			</value>
		</property>
	</bean>

</beans>
