<?xml version="1.0" encoding="UTF-8"?>
<beans xmlns="http://www.springframework.org/schema/beans"
	   xmlns:batch="http://www.springframework.org/schema/batch"
	   xmlns:util="http://www.springframework.org/schema/util"
	   xmlns:xsi="http://www.w3.org/2001/XMLSchema-instance"
	   xsi:schemaLocation="http://www.springframework.org/schema/batch
	                       http://www.springframework.org/schema/batch/spring-batch-2.2.xsd
	                       http://www.springframework.org/schema/beans
	                       http://www.springframework.org/schema/beans/spring-beans.xsd
	                       http://www.springframework.org/schema/util
	                       http://www.springframework.org/schema/util/spring-util-3.2.xsd">

	<bean id="emailUtility" class="com.spectramd.products.focus.common.utils.EmailUtility">
		<property name="mailSender" ref="mailSender" />
	</bean>

	<bean id="mailSender" class="org.springframework.mail.javamail.JavaMailSenderImpl">
		<property name="host" value="smtp.gmail.com" />
		<property name="port" value="587" />
		<property name="username" value="deepaksinghal112@gmail.com" />
		<property name="password" value="......." />
		<property name="javaMailProperties">
			<props>
				<prop key="mail.smtp.auth">true</prop>
				<prop key="mail.smtp.starttls.enable">true</prop>
			</props>
		</property>
	</bean>

</beans>
