<?xml version="1.0" encoding="UTF-8"?>
<project-private xmlns="http://www.netbeans.org/ns/project-private/1">
    <editor-bookmarks xmlns="http://www.netbeans.org/ns/editor-bookmarks/2" lastBookmarkId="0"/>
    <open-files xmlns="http://www.netbeans.org/ns/projectui-open-files/2">
        <group name="Tools">
            <file>file:/D:/Development/workspaces/Tools/Log4j1.1/log4j.properties</file>
            <file>file:/D:/Development/workspaces/Tools/Log4j1.1/example.log</file>
            <file>file:/D:/Development/workspaces/Tools/Log4j1.1/src/org/smd/logger/TestLogger.java</file>
        </group>
    </open-files>
</project-private>
