<?xml version="1.0" encoding="UTF-8" standalone="no"?>
<catalog xmlns="urn:oasis:names:tc:entity:xmlns:xml:catalog" prefer="system">
    <system systemId="http://www.springframework.org/schema/context/spring-context.xsd" uri="www.springframework.org/schema/context/spring-context.xsd"/>
    <system systemId="http://www.springframework.org/schema/beans/spring-beans-4.3.xsd" uri="www.springframework.org/schema/beans/spring-beans-4.3.xsd"/>
    <system systemId="http://www.springframework.org/schema/tool/spring-tool-4.3.xsd" uri="www.springframework.org/schema/tool/spring-tool-4.3.xsd"/>
    <system systemId="http://cxf.apache.org/schemas/jaxws.xsd" uri="cxf.apache.org/schemas/jaxws.xsd"/>
    <system systemId="http://cxf.apache.org/schemas/configuration/http-conf.xsd" uri="cxf.apache.org/schemas/configuration/http-conf.xsd"/>
    <system systemId="http://schemas.xmlsoap.org/wsdl/2003-02-11.xsd" uri="schemas.xmlsoap.org/wsdl/2003-02-11.xsd"/>
    <system systemId="http://cxf.apache.org/schemas/configuration/security.xsd" uri="cxf.apache.org/schemas/configuration/security.xsd"/>
    <system systemId="http://cxf.apache.org/schemas/wsdl/http-conf.xsd" uri="cxf.apache.org/schemas/wsdl/http-conf.xsd"/>
    <system systemId="http://cxf.apache.org/schemas/configuration/parameterized-types.xsd" uri="cxf.apache.org/schemas/configuration/parameterized-types.xsd"/>
    <system systemId="http://cxf.apache.org/schemas/jaxrs.xsd" uri="cxf.apache.org/schemas/jaxrs.xsd"/>
    <system systemId="http://www.springframework.org/schema/beans/spring-beans.xsd" uri="www.springframework.org/schema/beans/spring-beans.xsd"/>
    <system systemId="http://cxf.apache.org/schemas/configuration/cxf-beans.xsd" uri="cxf.apache.org/schemas/configuration/cxf-beans.xsd"/>
    <system systemId="http://cxf.apache.org/schemas/jaxrs-common.xsd" uri="cxf.apache.org/schemas/jaxrs-common.xsd"/>
    <system systemId="http://camel.apache.org/schema/spring/camel-spring.xsd" uri="camel.apache.org/schema/spring/camel-spring.xsd"/>
</catalog>