<?xml version="1.0" encoding="UTF-8"?>
<project-private xmlns="http://www.netbeans.org/ns/project-private/1">
    <editor-bookmarks xmlns="http://www.netbeans.org/ns/editor-bookmarks/2" lastBookmarkId="0"/>
    <open-files xmlns="http://www.netbeans.org/ns/projectui-open-files/2">
        <group name="rough">
            <file>file:/C:/Users/CnS/Videos/rough/Rest_spring_tomcat.2/web/WEB-INF/web.xml</file>
            <file>file:/C:/Users/CnS/Videos/rough/Rest_spring_tomcat.2/src/java/com/spectramd/core/product/ProductService.java</file>
            <file>file:/C:/Users/CnS/Videos/rough/Rest_spring_tomcat.2/web/WEB-INF/dispatcher-servlet.xml</file>
            <file>file:/C:/Users/CnS/Videos/rough/Rest_spring_tomcat.2/src/java/com/spectramd/core/product/User.java</file>
        </group>
        <group name="Restful_pocs"/>
    </open-files>
</project-private>
