<?xml version="1.0" encoding="UTF-8"?>
<project-private xmlns="http://www.netbeans.org/ns/project-private/1">
    <editor-bookmarks xmlns="http://www.netbeans.org/ns/editor-bookmarks/2" lastBookmarkId="0"/>
    <open-files xmlns="http://www.netbeans.org/ns/projectui-open-files/2">
        <group name="Spring REST">
            <file>file:/D:/Development/FOCUS/NetBeansProjects/Spring_Rest_Programs/RestApplication/src/java/com/spetramd/poc/MeasureList.java</file>
        </group>
        <group name="Camel_Interface"/>
    </open-files>
</project-private>
